{
  "analysis": "EEG-Audio Topological Comparison",
  "method": "Wasserstein distance on persistence diagrams + temporal feature correlation",
  "audio_construction": "Takens embedding (dim=3, tau=auto, subsample=2)",
  "eeg_construction": "Connectivity graph distance matrix (existing pipeline)",
  "n_recordings": 1416,
  "n_subjects": 45,
  "n_slow": 710,
  "n_fast": 706,
  "max_windows_per_recording": 15,
  "statistical_test": "Wilcoxon signed-rank (within-subject, paired)",
  "multiple_comparison": "Benjamini-Hochberg FDR",
  "band_results": {
    "delta": {
      "n_subjects": 45,
      "band": "delta",
      "wass_h0_slow": 13.651235867503424,
      "wass_h0_fast": 14.258538610233527,
      "wass_h0_p": 3.752802513190545e-10,
      "wass_h1_slow": 0.8566595573827341,
      "wass_h1_fast": 0.8877639750370965,
      "wass_h1_p": 0.0005418995669970172,
      "wass_h1_perm_p": 0.000999000999000999,
      "wass_h1_cohens_d": -0.5090306820730403,
      "wass_h1_direction": "slow < fast",
      "corr_slow": -0.009614150927791876,
      "corr_fast": 0.0005258806284654213,
      "corr_p": 0.509063839695898,
      "n_slow_lower": 33,
      "wass_h1_p_fdr": 0.0013547489174925431,
      "wass_h1_sig_fdr": true
    },
    "theta": {
      "n_subjects": 45,
      "band": "theta",
      "wass_h0_slow": 15.547356609804272,
      "wass_h0_fast": 16.065620794347186,
      "wass_h0_p": 5.7098873753602675e-06,
      "wass_h1_slow": 1.5133646026845768,
      "wass_h1_fast": 1.5557310226201764,
      "wass_h1_p": 0.0005418995669970172,
      "wass_h1_perm_p": 0.001998001998001998,
      "wass_h1_cohens_d": -0.5587307323025043,
      "wass_h1_direction": "slow < fast",
      "corr_slow": 0.02103304094059074,
      "corr_fast": -0.005308483835734264,
      "corr_p": 0.06714044609640268,
      "n_slow_lower": 34,
      "wass_h1_p_fdr": 0.0013547489174925431,
      "wass_h1_sig_fdr": true
    },
    "alpha": {
      "n_subjects": 45,
      "band": "alpha",
      "wass_h0_slow": 15.889612227705388,
      "wass_h0_fast": 16.302306319475605,
      "wass_h0_p": 3.833805016029146e-05,
      "wass_h1_slow": 1.3533978118227024,
      "wass_h1_fast": 1.3599922418034898,
      "wass_h1_p": 0.22956267960461219,
      "wass_h1_perm_p": 0.5364635364635365,
      "wass_h1_cohens_d": -0.0991646664439,
      "wass_h1_direction": "slow < fast",
      "corr_slow": 0.0027027113507356606,
      "corr_fast": 0.0055367345178469855,
      "corr_p": 0.6872945776498227,
      "n_slow_lower": 30,
      "wass_h1_p_fdr": 0.28695334950576523,
      "wass_h1_sig_fdr": false
    },
    "beta": {
      "n_subjects": 45,
      "band": "beta",
      "wass_h0_slow": 14.003215009396554,
      "wass_h0_fast": 14.19132605954158,
      "wass_h0_p": 0.020264795226069054,
      "wass_h1_slow": 1.1112104064468156,
      "wass_h1_fast": 1.1088294745412077,
      "wass_h1_p": 0.9021580514229299,
      "wass_h1_perm_p": 0.8071928071928072,
      "wass_h1_cohens_d": 0.041141844491192084,
      "wass_h1_direction": "slow > fast",
      "corr_slow": -0.014837908011605923,
      "corr_fast": -0.007743075791866647,
      "corr_p": 0.7205201468991618,
      "n_slow_lower": 24,
      "wass_h1_p_fdr": 0.9021580514229299,
      "wass_h1_sig_fdr": false
    },
    "gamma": {
      "n_subjects": 45,
      "band": "gamma",
      "wass_h0_slow": 18.452617688982123,
      "wass_h0_fast": 18.47647028174004,
      "wass_h0_p": 0.7205201468991618,
      "wass_h1_slow": 1.17216564553412,
      "wass_h1_fast": 1.146010812684659,
      "wass_h1_p": 0.20831439333193202,
      "wass_h1_perm_p": 0.15084915084915085,
      "wass_h1_cohens_d": 0.22975627792664244,
      "wass_h1_direction": "slow > fast",
      "corr_slow": 0.009931183355383238,
      "corr_fast": 0.008806284172236617,
      "corr_p": 0.4265506265994645,
      "n_slow_lower": 22,
      "wass_h1_p_fdr": 0.28695334950576523,
      "wass_h1_sig_fdr": false
    }
  }
}