{
  "metadata": {
    "n_samples": 1416,
    "n_features": 220,
    "n_features_gamma": 44,
    "n_features_non_gamma": 176,
    "label_distribution": {
      "slow": 710,
      "fast": 706
    },
    "bands": [
      "alpha",
      "beta",
      "delta",
      "gamma",
      "theta"
    ]
  },
  "top_gamma_features_comparison": {
    "gamma_h0_mean_death_std": {
      "slow_mean": 0.05752246933126035,
      "slow_std": 0.018016492881892564,
      "fast_mean": 0.0685733981697476,
      "fast_std": 0.01517421058269537,
      "cohens_d": 0.6633172653361361,
      "mean_difference": 0.011050928838487246,
      "slow_n": 710,
      "fast_n": 706
    },
    "gamma_h0_total_persistence_std": {
      "slow_mean": 2.64075990882473,
      "slow_std": 0.7905557953113242,
      "fast_mean": 3.1371616523666064,
      "fast_std": 0.6773750040021272,
      "cohens_d": 0.6741809872452531,
      "mean_difference": 0.49640174354187616,
      "slow_n": 710,
      "fast_n": 706
    },
    "gamma_h0_mean_persistence_std": {
      "slow_mean": 0.05752246933126035,
      "slow_std": 0.018016492881892564,
      "fast_mean": 0.0685733981697476,
      "fast_std": 0.01517421058269537,
      "cohens_d": 0.6633172653361361,
      "mean_difference": 0.011050928838487246,
      "slow_n": 710,
      "fast_n": 706
    }
  },
  "classifier_without_gamma": {
    "mean_accuracy": 0.6313797780134787,
    "std_accuracy": 0.01735229999496463,
    "fold_accuracies": [
      0.642023346303502,
      0.6515151515151515,
      0.6006825938566553,
      0.6266233766233766,
      0.6360544217687075
    ],
    "n_features": 176
  },
  "classifier_gamma_only": {
    "mean_accuracy": 0.7360218454376757,
    "std_accuracy": 0.026174405402934427,
    "fold_accuracies": [
      0.7198443579766537,
      0.75,
      0.726962457337884,
      0.7792207792207793,
      0.7040816326530612
    ],
    "n_features": 44
  },
  "classifier_per_band": {
    "alpha": {
      "mean_accuracy": 0.5990443874489714,
      "std_accuracy": 0.0323506666914867,
      "fold_accuracies": [
        0.5797665369649806,
        0.5871212121212122,
        0.621160409556314,
        0.6493506493506493,
        0.5578231292517006
      ],
      "n_features": 44
    },
    "beta": {
      "mean_accuracy": 0.6088875576138598,
      "std_accuracy": 0.015384969132787167,
      "fold_accuracies": [
        0.603112840466926,
        0.6022727272727273,
        0.590443686006826,
        0.6363636363636364,
        0.6122448979591837
      ],
      "n_features": 44
    },
    "delta": {
      "mean_accuracy": 0.5854371536580747,
      "std_accuracy": 0.02199706619310804,
      "fold_accuracies": [
        0.5836575875486382,
        0.5492424242424242,
        0.6109215017064846,
        0.577922077922078,
        0.6054421768707483
      ],
      "n_features": 44
    },
    "gamma": {
      "mean_accuracy": 0.7360218454376757,
      "std_accuracy": 0.026174405402934427,
      "fold_accuracies": [
        0.7198443579766537,
        0.75,
        0.726962457337884,
        0.7792207792207793,
        0.7040816326530612
      ],
      "n_features": 44
    },
    "theta": {
      "mean_accuracy": 0.5477956870877568,
      "std_accuracy": 0.019762779645543103,
      "fold_accuracies": [
        0.5447470817120622,
        0.5189393939393939,
        0.5358361774744027,
        0.5714285714285714,
        0.5680272108843537
      ],
      "n_features": 44
    }
  },
  "coefficient_of_variation_per_band": {
    "alpha": {
      "mean_cv": 0.24017238724381648,
      "std_cv": 0.28410359975444077,
      "median_cv": 0.17959246418121827,
      "max_cv": 1.8483257531867177,
      "min_cv": 0.0035602838313901174
    },
    "beta": {
      "mean_cv": 0.2172576537013581,
      "std_cv": 0.2207626318700204,
      "median_cv": 0.17740274760028393,
      "max_cv": 1.4274760707363896,
      "min_cv": 0.0027486435849281778
    },
    "delta": {
      "mean_cv": 0.14686603416487226,
      "std_cv": 0.08225833145205741,
      "median_cv": 0.14212166869087972,
      "max_cv": 0.3749992876353897,
      "min_cv": 0.001971334894806622
    },
    "gamma": {
      "mean_cv": 0.2169772840997209,
      "std_cv": 0.1059047892464113,
      "median_cv": 0.23192153586799827,
      "max_cv": 0.40658923532545305,
      "min_cv": 0.005408281732446286
    },
    "theta": {
      "mean_cv": 0.22179679926431098,
      "std_cv": 0.22640827700501176,
      "median_cv": 0.18353403657489278,
      "max_cv": 1.446751768662677,
      "min_cv": 0.00354747081310615
    }
  },
  "effect_size_per_band": {
    "alpha": {
      "mean_abs_cohens_d": 0.07147326171410079,
      "mean_cohens_d": 0.004697697209327946,
      "median_cohens_d": 0.0030393767934665103,
      "max_cohens_d": 0.18285814713007145
    },
    "beta": {
      "mean_abs_cohens_d": 0.06719596995403287,
      "mean_cohens_d": 0.005159190006872012,
      "median_cohens_d": 0.022284366371048574,
      "max_cohens_d": 0.16953718809087753
    },
    "delta": {
      "mean_abs_cohens_d": 0.08439840377482392,
      "mean_cohens_d": -0.011963879139315193,
      "median_cohens_d": 0.0,
      "max_cohens_d": 0.25105621227750885
    },
    "gamma": {
      "mean_abs_cohens_d": 0.12490742534544154,
      "mean_cohens_d": 0.06484530780567305,
      "median_cohens_d": 0.00555462723290207,
      "max_cohens_d": 0.6741809872452531
    },
    "theta": {
      "mean_abs_cohens_d": 0.06164687223592229,
      "mean_cohens_d": 0.0020732192105114124,
      "median_cohens_d": 0.0,
      "max_cohens_d": 0.15146246553038126
    }
  }
}