{
  "delta": {
    "n": 45,
    "w_matched": 0.9045314414877751,
    "w_mismatched": 0.9198553151709441,
    "direction": "matched < mismatched",
    "p": 0.008212454386921308,
    "cohens_d": -0.43967475800973554,
    "n_matched_lower": 32,
    "pct_matched_lower": 71.11111111111111,
    "p_fdr": 0.008212454386921308,
    "sig_fdr": true
  },
  "theta": {
    "n": 45,
    "w_matched": 1.5317662446853337,
    "w_mismatched": 1.5529906929844821,
    "direction": "matched < mismatched",
    "p": 1.1567635738174431e-10,
    "cohens_d": -1.3785299370916644,
    "n_matched_lower": 40,
    "pct_matched_lower": 88.88888888888889,
    "p_fdr": 2.891908934543608e-10,
    "sig_fdr": true
  },
  "alpha": {
    "n": 45,
    "w_matched": 1.358741647819639,
    "w_mismatched": 1.3820229236460966,
    "direction": "matched < mismatched",
    "p": 3.0468072509393096e-11,
    "cohens_d": -1.599651535360074,
    "n_matched_lower": 43,
    "pct_matched_lower": 95.55555555555556,
    "p_fdr": 1.5234036254696548e-10,
    "sig_fdr": true
  },
  "beta": {
    "n": 45,
    "w_matched": 1.1150007727963682,
    "w_mismatched": 1.1467726137908598,
    "direction": "matched < mismatched",
    "p": 1.1528862842169474e-07,
    "cohens_d": -0.922390660631996,
    "n_matched_lower": 41,
    "pct_matched_lower": 91.11111111111111,
    "p_fdr": 1.921477140361579e-07,
    "sig_fdr": true
  },
  "gamma": {
    "n": 45,
    "w_matched": 1.153337658463628,
    "w_mismatched": 1.1458665538524335,
    "direction": "matched > mismatched",
    "p": 0.0015284706485658717,
    "cohens_d": 0.43352957884081256,
    "n_matched_lower": 16,
    "pct_matched_lower": 35.55555555555556,
    "p_fdr": 0.0019105883107073396,
    "sig_fdr": true
  }
}